Industry,2022 NAICS code,Dec. 2024,Aug. 2025,Sept. 2025,Oct. 2025,Nov. 2025 (p),Dec. 2025 (p),Change from: Nov.2025 - Dec.2025(p)
Total nonfarm,,159923,159404,159732,160397,160640,160448,-192
,,,,,,,,
Total private,,136080,136700,136145,136690,136828,136762,-66
,,,,,,,,
Goods-producing,,21628,21887,21783,21783,21693,21548,-145
,,,,,,,,
Mining and logging,,623,621,615,616,612,606,-6
Logging,1133,39.3,38.4,37.6,37.1,36.2,35.7,-0.5
"Mining, quarrying, and oil and gas extraction",21,583.4,582.9,577.3,578.4,575.7,570.4,-5.3
Oil and gas extraction,211,123.2,120.8,119.6,120.1,120.9,121.2,0.3
Mining (except oil and gas),212,189.7,194.2,193.2,192.4,191.9,188.2,-3.7
Coal mining,2121,41.8,40.8,40.5,40.5,41,40.6,-0.4
Surface coal mining,212114,17.4,17.7,17.8,17.9,18.3,-,-
Underground coal mining,212115,24.4,23.1,22.7,22.6,22.7,-,-
Metal ore mining,2122,44.9,44.5,44.3,44.6,45,45.6,0.6
Gold ore and silver ore mining,21222,15.7,15.7,15.6,15.6,15.5,-,-
"Iron ore, copper, nickel, lead, zinc, and other metal ore mining","21221,3,9",29.2,28.8,28.7,29,29.5,-,-
Nonmetallic mineral mining and quarrying,2123,103,108.9,108.4,107.3,105.9,102,-3.9
Stone mining and quarrying,21231,44.8,47.1,47.3,47.4,47.1,-,-
Crushed and broken limestone mining and quarrying,212312,23.4,25.2,25.4,25.3,25.4,-,-
"Dimension stone, crushed and broken granite, and other crushed and broken stone mining and quarrying","212311,3,9",21.4,21.9,21.9,22.1,21.7,-,-
"Sand, gravel, clay, and ceramic and refractory minerals mining and quarrying",21232,45.9,48.7,48.5,47.3,46.3,-,-
Construction sand and gravel mining,212321,29,31.3,31.2,29.8,29.4,-,-
Other nonmetallic mineral mining and quarrying,21239,12.3,13.1,12.6,12.6,12.5,-,-
Support activities for mining,213,270.5,267.9,264.5,265.9,262.9,261,-1.9
Drilling oil and gas wells,213111,46.3,48.5,47.7,48.4,49.1,-,-
Support activities for oil and gas operations,213112,211.5,206.5,203.6,203.9,200.4,-,-
"Support activities for coal, metal, and nonmetallic minerals mining","213113,4,5",12.7,12.9,13.2,13.6,13.4,-,-
,,,,,,,,
Construction,23,8219,8492,8442,8457,8383,8231,-152
Construction of buildings,236,1865.8,1899.6,1879.8,1888.1,1882.4,1864.5,-17.9
Residential building construction,2361,953.5,965,959,966.4,960.5,950.9,-9.6
New single-family housing construction (except for-sale builders),236115,386.4,389.6,384.1,389.7,388.9,-,-
New multifamily housing construction (except for-sale builders),236116,47.7,44.3,43.5,43.5,43.8,-,-
New housing for-sale builders,236117,57.8,57.7,56.9,57.2,56,-,-
Residential remodelers,236118,461.6,473.4,474.5,476,471.8,-,-
Nonresidential building construction,2362,912.3,934.6,920.8,921.7,921.9,913.6,-8.3
Industrial building construction,23621,173,166.5,164.4,164.5,165.6,-,-
Commercial and institutional building construction,23622,739.3,768.1,756.4,757.2,756.3,-,-
Heavy and civil engineering construction,237,1137.1,1231.9,1231.1,1232.7,1203.9,1151.3,-52.6
Utility system construction,2371,608.3,641.6,642.9,649.6,640.5,-,-
Water and sewer line and related structures construction,23711,217.6,227.7,227.2,227.1,226,-,-
Oil and gas pipeline and related structures construction,23712,149.1,162.5,161.4,164.1,162.6,-,-
Power and communication line and related structures construction,23713,241.6,251.4,254.3,258.4,251.9,-,-
Land subdivision,2372,37.2,37.8,37.5,38.6,38.4,-,-
"Highway, street, and bridge construction",2373,354.6,410.6,409.2,403.4,386.3,-,-
Other heavy and civil engineering construction,2379,137,141.9,141.5,141.1,138.7,-,-
Specialty trade contractors,238,5216.1,5360.9,5331.2,5336.1,5296.7,5215.3,-81.4
Residential specialty trade contractors,part 238,2388.5,2425.3,2401,2407,2378.2,2351.2,-27
Nonresidential specialty trade contractors,part 238,2827.6,2935.6,2930.2,2929.1,2918.5,2864.1,-54.4
"Foundation, structure, and building exterior contractors",2381,977.2,998.2,994.2,988.8,976.3,-,-
Residential building foundation and exterior contractors,part 2381,497.8,501,496.5,493.1,490.6,-,-
Nonresidential building foundation and exterior contractors,part 2381,479.4,497.2,497.7,495.7,485.7,-,-
Poured concrete foundation and structure contractors,23811,250.3,262.9,263,260.2,257.1,-,-
Structural steel and precast concrete contractors,23812,83.3,83.6,84.1,82.6,82.4,-,-
Framing contractors,23813,80.1,74.8,75.3,74.2,72.3,-,-
Masonry contractors,23814,144.6,151.5,150.9,148.6,147.1,-,-
Glass and glazing contractors,23815,75.1,74.2,73.9,74,73.5,-,-
Roofing contractors,23816,249.4,256.2,251.5,256.4,251.1,-,-
Siding contractors,23817,44,43.4,43.7,42.3,41.8,-,-
"Other foundation, structure, and building exterior contractors",23819,50.4,51.6,51.8,50.5,51,-,-
Building equipment contractors,2382,2591.4,2642,2630.1,2632,2633.4,-,-
Residential building equipment contractors,part 2382,1052.5,1060.8,1051.4,1053.3,1046.1,-,-
Nonresidential building equipment contractors,part 2382,1538.9,1581.2,1578.7,1578.7,1587.3,-,-
Electrical contractors and other wiring installation contractors,23821,1110.6,1125.8,1124.1,1125.7,1125.6,-,-
"Plumbing, heating, and air-conditioning contractors",23822,1312,1340.8,1331.4,1332,1331.1,-,-
Other building equipment contractors,23829,168.8,175.4,174.6,174.3,176.7,-,-
Building finishing contractors,2383,848.4,866.9,854.2,859.8,854.4,-,-
Residential building finishing contractors,part 2383,502.8,513.1,509.1,517.1,511.2,-,-
Nonresidential building finishing contractors,part 2383,345.6,353.8,345.1,342.7,343.2,-,-
Drywall and insulation contractors,23831,246.8,248.3,243.3,242,239.6,-,-
Painting and wall covering contractors,23832,207.6,221.5,218.1,219.6,216.1,-,-
Flooring contractors,23833,81,83.3,81.4,82.9,82.5,-,-
Tile and terrazzo contractors,23834,53.7,54.6,53.2,53.6,52.2,-,-
Finish carpentry contractors,23835,170,168,167.5,169.9,171.2,-,-
Other building finishing contractors,23839,89.3,91.2,90.7,91.8,92.8,-,-
Other specialty trade contractors,2389,799.1,853.8,852.7,855.5,832.6,-,-
Other residential trade contractors,part 2389,335.4,350.4,344,343.5,330.3,-,-
Other nonresidential trade contractors,part 2389,463.7,503.4,508.7,512,502.3,-,-
Site preparation contractors,23891,406.4,425.5,427.6,432.6,425.5,-,-
All other specialty trade contractors,23899,392.7,428.3,425.1,422.9,407.1,-,-
,,,,,,,,
Manufacturing,,12786,12774,12726,12710,12698,12711,13
,,,,,,,,
Durable goods,,7934,7898,7867,7851,7852,7872,20
Wood product manufacturing,321,414.1,413.3,409.8,406.2,403.4,402.9,-0.5
Sawmills and wood preservation,3211,88.6,88.5,87.6,86.9,85.5,-,-
"Veneer, plywood, and engineered wood product manufacturing",3212,81.6,83.7,83.5,83.3,83,-,-
Other wood product manufacturing,3219,243.9,241.1,238.7,236,234.9,-,-
Millwork,32191,106,104.2,103.1,101.6,100.2,-,-
Wood window and door manufacturing,321911,59,58,57.4,57.1,56.3,-,-
"Cut stock, resawing lumber, planing, and other millwork (including flooring)","321912,8",47,46.2,45.7,44.5,43.9,-,-
Wood container and pallet manufacturing,32192,60.7,59.7,58.4,57.9,58.1,-,-
All other wood product manufacturing,32199,77.2,77.2,77.2,76.5,76.6,-,-
Nonmetallic mineral product manufacturing,327,427.9,433.5,435.8,433.3,431,429.1,-1.9
Clay product and refractory manufacturing,3271,34.7,33.5,33.6,33.8,33.8,-,-
Glass and glass product manufacturing,3272,78.3,77.7,78.3,77.4,76.9,-,-
Cement and concrete product manufacturing,3273,211.6,218.8,218.8,218.4,215.8,-,-
Ready-mix concrete manufacturing,32732,107,111.3,110.7,110.3,107.7,-,-
"Cement and concrete pipe, brick, block, and other concrete product manufacturing","32731,3,9",104.6,107.5,108.1,108.1,108.1,-,-
"Lime, gypsum, and other nonmetallic mineral product manufacturing","3274,9",103.3,103.5,105.1,103.7,104.5,-,-
Primary metal manufacturing,331,372.8,376,374.7,373.3,372.8,375.3,2.5
Iron and steel mills and ferroalloy manufacturing,3311,85.2,87.1,87.2,87.4,86,-,-
Steel product manufacturing from purchased steel,3312,59.1,60.1,59.9,59.7,60.1,-,-
"Alumina, aluminum, and other nonferrous metal production and processing","3313,4",121.7,122.8,121.9,120.9,121.2,-,-
Foundries,3315,106.8,106,105.7,105.3,105.5,-,-
Ferrous metal foundries,33151,54.8,54.8,54.8,54.5,54.5,-,-
Nonferrous metal foundries,33152,52,51.2,50.9,50.8,51,-,-
Fabricated metal product manufacturing,332,1434.6,1440.2,1435.9,1440.7,1439.5,1443.5,4
Forging and stamping,3321,91.1,90.5,90.6,90.9,91,-,-
Architectural and structural metals manufacturing,3323,413.2,427.8,426.5,427,426.8,-,-
Plate work and fabricated structural product manufacturing,33231,188,194,192.8,193,192.5,-,-
Fabricated structural metal manufacturing,332312,98.6,103.1,102.9,103.4,103.8,-,-
Plate work and prefabricated metal building and component manufacturing,"332311,3",89.4,90.9,89.9,89.6,88.7,-,-
Ornamental and architectural metal products manufacturing,33232,225.2,233.8,233.7,234,234.3,-,-
Metal window and door manufacturing,332321,66.1,68.2,67.5,67.7,68,-,-
Sheet metal work manufacturing,332322,116.6,121.6,121.9,122.6,122.7,-,-
Ornamental and architectural metal work manufacturing,332323,42.5,44,44.3,43.7,43.6,-,-
"Boiler, tank, and shipping container manufacturing",3324,96.9,92.8,92.2,93.4,92.3,-,-
"Hardware, spring, and wire product manufacturing","3325,6",61.5,59.9,60.5,60.2,61.2,-,-
"Machine shops; turned product; and screw, nut, and bolt manufacturing",3327,329.8,325.6,325.1,326.5,324.9,-,-
Machine shops,33271,255.7,253.8,252.5,253.7,252,-,-
"Turned product and screw, nut, and bolt manufacturing",33272,74.1,71.8,72.6,72.8,72.9,-,-
"Coating, engraving, heat treating, and allied activities",3328,128.7,128.4,128,128.5,128.9,-,-
"Metal heat treating, coating, engraving (except jewelry and silverware), and allied services to manufacturers","332811,2",77.4,77.5,77.6,78,78.1,-,-
"Electroplating, plating, polishing, anodizing, and coloring",332813,51.3,50.9,50.4,50.5,50.8,-,-
"Cutlery, handtool, and other fabricated metal product manufacturing",3329,313.4,315.2,313,314.2,314.4,-,-
Metal valve manufacturing,33291,91.1,90.2,89.6,89.6,89.9,-,-
"Cutlery, handtool, and all other fabricated metal product manufacturing",33299,222.3,225,223.4,224.6,224.5,-,-
"Small arms, ammunition, and other ordnance and ordnance accessories manufacturing","332992,3,4",52.7,52.5,52.6,52.3,52.3,-,-
"Cutlery, handtool, ball and roller bearing, fabricated pipe, pipe fitting, and all other fabricated metal product manufacturing","332200;991,9",169.6,172.5,170.8,172.3,172.2,-,-
Machinery manufacturing,333,1114.5,1104,1102.9,1103.3,1105.2,1103.8,-1.4
"Agriculture, construction, and mining machinery manufacturing",3331,210.9,205.3,207.1,208.3,208.9,-,-
Agricultural implement manufacturing,33311,81.2,79.5,79.1,80.7,80.6,-,-
Construction machinery manufacturing,33312,74.2,70.4,72.5,72.4,73.1,-,-
Mining and oil and gas field machinery manufacturing,33313,55.5,55.4,55.5,55.2,55.2,-,-
Industrial machinery manufacturing,3332,135,133,133.1,132.7,132.2,-,-
All other industrial machinery manufacturing,333248,70.5,70.1,70.3,69.9,67.8,-,-
Commercial and service industry machinery manufacturing,3333,89.6,92.4,91.4,91.2,90.3,-,-
"Ventilation, heating, air-conditioning, and commercial refrigeration equipment manufacturing",3334,149.4,150.3,149.2,148.5,149.9,-,-
Air-conditioning and warm air heating equipment and commercial and industrial refrigeration equipment manufacturing,333415,99.1,98.6,98.2,98.8,99.3,-,-
Metalworking machinery manufacturing,3335,154.2,151,150.4,151.2,151,-,-
"Special die and tool, die set, jig, and fixture manufacturing",333514,50.6,49.4,49.4,49.9,49.9,-,-
Machine tool manufacturing,333517,41.3,40.6,40.6,41.1,41.7,-,-
"Industrial mold, cutting tool and machine tool accessory, rolling mill, and other metalworking machinery manufacturing","333511,5,9",62.3,61,60.4,60.2,59.4,-,-
"Engine, turbine, and power transmission equipment manufacturing",3336,93,92.1,92.4,92.5,92.8,-,-
Other general purpose machinery manufacturing,3339,282.4,279.9,279.3,278.9,280.1,-,-
Pump and compressor manufacturing,33391,47.5,47.4,47,47.7,48.1,-,-
Material handling equipment manufacturing,33392,97.6,96.8,96.8,95.7,96,-,-
All other general purpose machinery manufacturing,33399,137.3,135.7,135.5,135.5,136,-,-
Computer and electronic product manufacturing,334,1016.2,1007.1,1000.7,997.3,995.4,997.1,1.7
Computer and peripheral equipment manufacturing,3341,111.9,110.5,109.8,108.1,108.1,108.2,0.1
Electronic computer manufacturing,334111,67.2,67.5,66.8,65.2,65.4,-,-
"Computer storage device, terminal, and other peripheral equipment manufacturing","334112,8",44.7,43,43,42.9,42.7,-,-
Communications equipment manufacturing,3342,81.9,82.9,83.3,83.8,83.5,83.7,0.2
Radio and television broadcasting and wireless communications equipment manufacturing,33422,50.1,50.7,50.6,50.8,50.9,-,-
Semiconductor and other electronic component manufacturing,3344,382.8,372.8,367.7,364.4,364.1,364.2,0.1
Semiconductor and related device manufacturing,334413,194.4,185.1,180.7,179.2,179.1,-,-
Bare printed circuit board and printed electronic circuit assembly manufacturing,"334412,8",84.3,84.5,84.1,83.7,83.8,-,-
"Capacitor, resistor, coil, transformer, other inductor, electronic connector, and other electronic component manufacturing","334416,7,9",104.1,103.2,102.9,101.5,101.2,-,-
"Navigational, measuring, electromedical, and control instruments manufacturing",3345,410.1,412,411.7,413.1,412,413.7,1.7
Electromedical and electrotherapeutic apparatus manufacturing,334510,75.4,78,78.4,77.5,78.9,-,-
"Search, detection, navigation, guidance, aeronautical, and nautical system and instrument manufacturing",334511,121,121.7,121,122,121.7,-,-
"Instruments and related products manufacturing for measuring, displaying, and controlling industrial process variables",334513,56,55.2,55.9,56.4,54.8,-,-
Instrument manufacturing for measuring and testing electricity and electrical signals,334515,35.4,35.5,35.3,35.8,35.6,-,-
Miscellaneous electronic instruments manufacturing,"334512,4,6-9",122.3,121.6,121.1,121.4,121,-,-
Manufacturing and reproducing magnetic and optical media and audio and video equipment manufacturing,"3343,6",29.5,28.9,28.2,27.9,27.7,27.3,-0.4
"Electrical equipment, appliance, and component manufacturing",335,407.4,405.8,406,407.4,409.3,409.7,0.4
Electric lighting equipment manufacturing,3351,33.3,32.2,32.5,32.4,32.5,-,-
Household appliance manufacturing,3352,59.4,57.4,56.8,56.8,56.9,-,-
Electrical equipment manufacturing,3353,150.9,153.1,154.7,155.9,156.3,-,-
"Power, distribution, and specialty transformer manufacturing",335311,32.8,32.1,33,33.2,33,-,-
"Motor, generator, switchgear and switchboard apparatus, and relay and industrial control manufacturing","335312,3,4",118.1,121,121.7,122.7,123.3,-,-
Other electrical equipment and component manufacturing,3359,163.8,163.1,162,162.3,163.6,-,-
Battery manufacturing,33591,53,53.4,53,53.2,54,-,-
"Wiring device, communication and energy wire and cable, and all other electrical equipment and component manufacturing","33592,3,9",110.8,109.7,109,109.1,109.6,-,-
Transportation equipment manufacturing,336,1792.3,1764.1,1757.3,1747.1,1753.9,1765.7,11.8
Motor vehicles and parts(1),"3361,2,3",1019.7,994.5,992.8,981.1,982.7,991.3,8.6
Motor vehicle manufacturing,3361,309.6,302.3,302,293.8,301.2,-,-
Motor vehicle body and trailer manufacturing,3362,163.4,161,161.3,161,158.3,-,-
Motor vehicle parts manufacturing,3363,546.7,531.2,529.5,526.3,523.2,-,-
Motor vehicle gasoline engine and engine parts manufacturing,33631,55.9,53.7,53.7,54,53.5,-,-
Motor vehicle electrical and electronic equipment manufacturing,33632,57,58.6,58.1,57.3,57.1,-,-
Motor vehicle transmission and power train parts manufacturing,33635,76.4,75,74,74,73.6,-,-
Motor vehicle metal stamping,33637,80.1,77.6,77.5,76.5,75.7,-,-
"Motor vehicle steering and suspension components, except spring; brake system, seating, interior trim, and other motor vehicle parts manufacturing","33633,4,6,9",277.3,266.3,266.2,264.5,263.3,-,-
Aerospace product and parts manufacturing,3364,559.1,558.3,553.8,556.4,562.3,-,-
Aircraft manufacturing,336411,252.6,244.7,241.7,242.8,246.5,-,-
Aircraft engine and engine parts manufacturing,336412,94.8,97.5,97,98.3,99.1,-,-
Other aircraft parts and auxiliary equipment manufacturing,336413,104.3,107.6,107.4,107.4,108.2,-,-
"Guided missile; space vehicle; and guided missile and space vehicle propulsion unit, parts, and auxiliary equipment manufacturing","336414,5,9",107.4,108.5,107.7,107.9,108.5,-,-
Ship and boat building,3366,147.8,145.9,144.9,145.2,145.1,-,-
Ship building and repairing,336611,106.9,105.2,104.6,104.4,104.5,-,-
Boat building,336612,40.9,40.7,40.3,40.8,40.6,-,-
Railroad rolling stock and other transportation equipment manufacturing,"3365,9",65.7,65.4,65.8,64.4,63.8,-,-
Furniture and related product manufacturing,337,338.9,341.8,337.5,335.1,335.6,334.8,-0.8
Household and institutional furniture and kitchen cabinet manufacturing,3371,214.3,214,210.9,210.2,210.3,-,-
Wood kitchen cabinet and countertop manufacturing,33711,113.6,113.4,111.7,110.8,110.5,-,-
Household and institutional furniture manufacturing,33712,100.7,100.6,99.2,99.4,99.8,-,-
Upholstered household furniture manufacturing,337121,44.7,43.8,43.9,43.5,44.3,-,-
Nonupholstered household furniture and institutional furniture manufacturing,"337122,6,7",56,56.8,55.3,55.9,55.5,-,-
Office furniture (including fixtures) and other furniture related product manufacturing,3372,124.6,127.8,126.6,124.9,125.3,-,-
Office furniture and custom architectural woodwork and millwork manufacturing,"337211,2,4",63,64.4,63.8,62.7,63.5,-,-
"Showcase, partition, shelving, locker, and other furniture related product manufacturing",337215,61.6,63.4,62.8,62.2,61.8,-,-
Miscellaneous manufacturing,339,615.7,612.3,606.6,607.6,606.1,609.6,3.5
Medical equipment and supplies manufacturing,3391,332.5,326.3,323,322.9,321.9,-,-
Surgical and medical instrument manufacturing,339112,144.3,143.4,142.9,143.1,142.7,-,-
Surgical appliance and supplies manufacturing,339113,103.7,104.8,103.7,102.9,101.6,-,-
Dental laboratories,339116,42.4,40.5,38.7,39.3,40,-,-
Other miscellaneous manufacturing,3399,283.2,286,283.6,284.7,284.2,-,-
"Jewelry, silverware, and sporting and athletic goods manufacturing","33991,2",63.1,62,61.6,61.5,61.2,-,-
Sign manufacturing,33995,76.4,77.6,76.9,76.3,75.4,-,-
"Doll, toy, game, office supplies (except paper), and all other miscellaneous manufacturing","33993,4,9",143.7,146.4,145.1,146.9,147.6,-,-
,,,,,,,,
Nondurable goods,,4852,4876,4859,4859,4846,4839,-7
Food manufacturing,311,1777.9,1788,1783,1780.3,1773.4,1774.5,1.1
Animal food manufacturing,3111,76.3,76.5,76.5,76.2,76.9,-,-
Grain and oilseed milling,3112,68.4,68.6,67.5,68.1,68.3,-,-
Sugar and confectionery product manufacturing,3113,85.3,75.6,77,79.8,79.1,-,-
Chocolate and confectionery manufacturing,31135,44.2,38.6,38.1,38.2,38.8,-,-
Fruit and vegetable preserving and specialty food manufacturing,3114,172.2,195.4,193.8,183.8,177,-,-
Frozen food manufacturing,31141,96.4,104.7,103.7,100.4,98.7,-,-
"Frozen fruit, juice, and vegetable manufacturing",311411,28.4,38.3,37.6,35.1,32.8,-,-
Frozen specialty food manufacturing,311412,68,66.4,66.1,65.3,65.9,-,-
"Fruit and vegetable canning, pickling, and drying",31142,75.8,90.7,90.1,83.4,78.3,-,-
Dairy product manufacturing,3115,167.9,174.9,172.8,172.8,171.6,-,-
Fluid milk manufacturing,311511,56.8,57.6,57.5,57.9,58.3,-,-
Animal slaughtering and processing,3116,565.1,558.9,562,566.8,569.5,-,-
"Animal, except poultry, slaughtering",311611,150.9,146.2,146.7,148.1,149.4,-,-
"Meat processed from carcasses, rendering, and meat byproduct processing","311612,3",162.6,159.1,161.4,162.7,164.2,-,-
Poultry processing,311615,251.6,253.6,253.9,256,255.9,-,-
Seafood product preparation and packaging,3117,25,30,28.4,27.7,23.9,-,-
Bakeries and tortilla manufacturing,3118,356.6,350.9,350.9,350.5,351.3,-,-
Bread and bakery product manufacturing,31181,275.2,271,271.2,271.2,271.4,-,-
Retail bakeries,311811,109.4,106.2,103.9,105.8,106.6,-,-
"Commercial bakeries and frozen cakes, pies, and other pastries manufacturing","311812,3",165.8,164.8,167.3,165.4,164.8,-,-
"Cookie, cracker, pasta, and tortilla manufacturing","31182,3",81.4,79.9,79.7,79.3,79.9,-,-
Other food manufacturing,3119,261.1,257.2,254.1,254.6,255.8,-,-
Snack food manufacturing,31191,65.7,63.8,63.2,62.9,62.6,-,-
"Coffee, tea, flavoring syrup and concentrate, seasoning, dressing, and other food manufacturing","31192,3,4,9",195.4,193.4,190.9,191.7,193.2,-,-
Textile mills,313,86.1,84.8,85.7,85.2,84.4,84.5,0.1
Fabric mills,3132,42.8,42,42.4,42.4,42,-,-
Textile product mills,314,99.8,97.7,97.4,98.2,98.3,99.5,1.2
Textile furnishings mills,3141,37.7,36.8,36.7,36.9,37.2,-,-
Other textile product mills,3149,62.1,60.9,60.7,61.3,61.1,-,-
Apparel manufacturing,315,83.5,82.1,81.9,81.5,80.6,79.2,-1.4
Cut and sew apparel manufacturing (except contractors),31525,46.5,44.9,45.2,44.4,44.7,-,-
Paper manufacturing,322,355.8,356.4,356.3,357.1,356.8,357.2,0.4
"Pulp, paper, and paperboard mills",3221,83.5,82.4,83.1,81.6,82,-,-
Converted paper product manufacturing,3222,272.3,274,273.2,275.5,274.8,-,-
Paperboard container manufacturing,32221,162.1,161.9,161.2,162.7,161.6,-,-
Paper bag and coated and treated paper manufacturing,32222,53.9,54.9,55,55.1,54.7,-,-
Stationery and other converted paper products,"32223,9",56.3,57.2,57,57.7,58.5,-,-
Printing and related support activities,323,355.5,348.1,347.4,346.5,346.8,348,1.2
Commercial screen printing,323113,72.4,70.9,71.3,72.2,71.7,-,-
Commercial and book printing (except screen) and support activities for printing,"323111,17,20",283.1,277.2,276.1,274.3,275.1,-,-
Petroleum and coal products manufacturing,324,105.2,109.1,109.2,108.5,107.5,105.3,-2.2
Petroleum refineries,32411,61.5,61.2,60.5,60.7,60.8,-,-
"Asphalt paving, roofing, saturated materials, and other petroleum and coal products manufacturing","32412,9",43.7,47.9,48.7,47.8,46.7,-,-
Chemical manufacturing,325,902,908.3,904,906.4,907.1,907.1,0
Basic chemical manufacturing,3251,156.7,154,152.9,152.6,151.6,-,-
"Petrochemical, industrial gas, synthetic dye, pigment, and other basic inorganic chemical manufacturing","32511,2,3,8",98.5,97.3,96.3,96.4,95.8,-,-
Other basic organic chemical manufacturing,32519,58.2,56.7,56.6,56.2,55.8,-,-
"Resin, synthetic rubber, and artificial and synthetic fibers and filaments manufacturing",3252,94.5,95.9,96.1,96.6,96.4,-,-
Plastics material and resin manufacturing,325211,61.2,62.5,63,63.1,63,-,-
"Pesticide, fertilizer, and other agricultural chemical manufacturing",3253,38.4,39.4,39.2,40,40.7,-,-
Pharmaceutical and medicine manufacturing,3254,352.1,358.4,355.8,355.3,354.5,-,-
Pharmaceutical preparation manufacturing,325412,231.7,235.4,233.5,233,232.5,-,-
"Medicinal, botanical, in-vitro diagnostic substance, and biological product manufacturing","325411,3,4",120.4,123,122.3,122.3,122,-,-
"Paint, coating, and adhesive manufacturing",3255,65.5,65.8,66.5,69,70.4,-,-
"Soap, cleaning compound, and toilet preparation manufacturing",3256,113.9,113.2,112.6,112.3,113.5,-,-
Soap and cleaning compound manufacturing,32561,57.9,58,58.2,58.2,58.9,-,-
Toilet preparation manufacturing,32562,56,55.2,54.4,54.1,54.6,-,-
Other chemical product and preparation manufacturing,3259,80.9,81.6,80.9,80.6,80,-,-
Plastics and rubber products manufacturing,326,720.3,718.6,710.8,713.6,713.4,710.8,-2.6
Plastics product manufacturing,3261,588.6,591.8,585.2,588.1,587.9,-,-
Plastics packaging materials and unlaminated film and sheet manufacturing,32611,103.7,105.6,105.4,106.3,106.3,-,-
"Plastics pipe, pipe fitting, and unlaminated profile shape manufacturing",32612,52.2,51.3,50.6,51.5,51.4,-,-
"Polystyrene, urethane, and other foam product manufacturing","32614,5",66.2,65.5,64.6,64.9,64.3,-,-
"Laminated plastics plate, sheet (except packaging), shape, and plastics bottle manufacturing","32613,6",56.2,58.6,58.5,57.4,58,-,-
Other plastics product manufacturing,32619,310.3,310.8,306.1,308,307.9,-,-
Rubber product manufacturing,3262,131.7,126.8,125.6,125.5,125.5,-,-
Tire manufacturing,32621,55.3,53.5,52.9,53.4,53.3,-,-
"Rubber and plastics hoses, belting, and other rubber product manufacturing","32622,9",76.4,73.3,72.7,72.1,72.2,-,-
"Beverage, tobacco, and leather and allied product manufacturing","312,6",366.3,382.4,382.8,381.7,377.4,372.9,-4.5
Beverage manufacturing,3121,329.1,346.4,346.5,345.2,340.4,-,-
Soft drinks and ice,31211,109.4,111.9,111.3,109.7,108.5,-,-
Soft drinks,312111,82.7,84.1,83.8,83.3,82.6,-,-
"Breweries, wineries, and distilleries","31212,3,4",219.7,234.5,235.2,235.5,231.9,-,-
Other miscellaneous nondurable goods manufacturing,"3122,60",37.2,36,36.3,36.5,37,-,-
,,,,,,,,
Service-providing,,138295,137517,137949,138614,138947,138900,-47
,,,,,,,,
Private service-providing,,114452,114813,114362,114907,115135,115214,79
,,,,,,,,
"Trade, transportation, and utilities",,29799,28947,28931,29103,29452,29707,255
,,,,,,,,
Wholesale trade,42,6202.4,6170.4,6158.9,6173.4,6171.1,6183.8,12.7
"Merchant wholesalers, durable goods",423,3472.1,3460.5,3452.4,3461.9,3460.6,3470.2,9.6
Motor vehicle and motor vehicle parts and supplies merchant wholesalers,4231,384.6,382.8,382.7,383.6,384.4,-,-
Automobile and other motor vehicle merchant wholesalers,42311,142.3,141.1,140.8,140.4,141.4,-,-
Motor vehicle supplies and new parts merchant wholesalers,42312,181.4,178.2,178.4,178.9,178.5,-,-
Furniture and home furnishing merchant wholesalers,4232,111.3,106.6,106.2,104.6,104,-,-
Furniture merchant wholesalers,42321,51.4,51.5,51.5,50,49.8,-,-
Home furnishing merchant wholesalers,42322,59.9,55.1,54.7,54.6,54.2,-,-
Lumber and other construction materials merchant wholesalers,4233,267.4,270.1,263.9,265.6,264.9,-,-
"Lumber, plywood, millwork, and wood panel merchant wholesalers",42331,115.1,116.2,114,114.8,114.9,-,-
"Brick, stone, and related construction material merchant wholesalers",42332,66.6,66.1,64.8,63.4,62.6,-,-
"Roofing, siding, insulation, and other construction material merchant wholesalers","42333,9",85.7,87.8,85.1,87.4,87.4,-,-
Professional and commercial equipment and supplies merchant wholesalers,4234,762.9,760.7,761,758.2,758.3,-,-
Office equipment merchant wholesalers,42342,66.8,67.4,67.1,66.9,66.6,-,-
Computer and computer peripheral equipment and software merchant wholesalers,42343,237.1,235.5,239.1,232.6,232.9,-,-
"Medical, dental, and hospital equipment and supplies merchant wholesalers",42345,325.4,325.6,324.3,327.4,327.1,-,-
"Ophthalmic goods and photographic, commercial, and professional equipment and supplies merchant wholesalers","42341,4,6,9",133.6,132.2,130.5,131.3,131.7,-,-
Metal and mineral (except petroleum) merchant wholesalers,4235,142.1,144.6,144.8,144.4,144.5,-,-
Household appliances and electrical and electronic goods merchant wholesalers,4236,380.4,370.5,368.2,371.1,371.6,-,-
"Electrical apparatus and equipment, wiring supplies, and related equipment merchant wholesalers",42361,201.5,197.2,194.8,197.2,197.6,-,-
"Household appliances, electric housewares, consumer electronics, and other electronic parts and equipment merchant wholesalers","42362,9",178.9,173.3,173.4,173.9,174,-,-
"Hardware, and plumbing and heating equipment and supplies merchant wholesalers",4237,318.6,320,319.1,320.4,322.7,-,-
Hardware merchant wholesalers,42371,95.3,92,91.7,90.9,91.7,-,-
"Plumbing, heating, and hydronics equipment and supplies merchant wholesalers",42372,123.1,121.8,122.8,123.8,124.8,-,-
"Warm air heating, air-conditioning, and refrigeration equipment and supplies merchant wholesalers","42373,4",100.2,106.2,104.6,105.7,106.2,-,-
"Machinery, equipment, and supplies merchant wholesalers",4238,780.3,775,776,779.9,778.1,-,-
Construction and mining (except oil well) machinery and equipment merchant wholesalers,42381,111.9,114.6,114.5,116.3,116.1,-,-
Farm and garden machinery and equipment merchant wholesalers,42382,113.1,110.3,110.7,111.2,111.2,-,-
Industrial machinery and equipment merchant wholesalers,42383,347.7,348.3,348.1,349.4,348.2,-,-
Industrial supplies merchant wholesalers,42384,108.5,105,104.8,105.3,105.5,-,-
Service establishment equipment and supplies merchant wholesalers,42385,58.5,58,59.9,58.8,58.8,-,-
Transportation equipment and supplies (except motor vehicle) merchant wholesalers,42386,40.6,38.8,38,38.9,38.3,-,-
Miscellaneous durable goods merchant wholesalers,4239,324.5,330.2,330.5,334.1,332.1,-,-
Sporting and recreational goods and supplies merchant wholesalers,42391,67.8,70.4,70.1,72,71.3,-,-
Recyclable material merchant wholesalers,42393,103.9,101.6,103.4,102.9,102.2,-,-
"Jewelry, watch, precious stone, and precious metal merchant wholesalers",42394,34.2,36.6,36.7,36.9,36.4,-,-
Toy and hobby goods and supplies and other miscellaneous durable goods merchant wholesalers,"42392,9",118.6,121.6,120.3,122.3,122.2,-,-
"Merchant wholesalers, nondurable goods",424,2233.6,2224,2223.3,2226.8,2225.1,2226.2,1.1
Paper and paper product merchant wholesalers,4241,111.9,110.3,108.7,108.6,107.2,-,-
"Printing and writing paper, stationery, and office supplies merchant wholesalers","42411,2",49.1,48.7,46,46,44.5,-,-
Industrial and personal service paper merchant wholesalers,42413,62.8,61.6,62.7,62.6,62.7,-,-
Drugs and druggists' sundries merchant wholesalers,4242,258,263,262.4,261.5,261.9,-,-
"Apparel, piece goods, and notions merchant wholesalers",4243,143.1,135.8,136.9,138.8,140.8,-,-
"Footwear, piece goods, notions, and other dry goods merchant wholesalers","42431,4",44.8,43.1,43.3,43.6,42.9,-,-
Clothing and clothing accessories merchant wholesalers,42435,98.3,92.7,93.6,95.2,97.9,-,-
Grocery and related product merchant wholesalers,4244,845.2,843.1,842.7,841.9,838.5,-,-
General line grocery merchant wholesalers,42441,262.5,257.6,258.3,259.1,256.9,-,-
Packaged frozen food merchant wholesalers,42442,36.7,37.5,37.3,36.4,35.9,-,-
Confectionery merchant wholesalers,42445,64.8,62.5,61.7,61.5,61.1,-,-
"Dairy product (except dried or canned), poultry product, fish, seafood, meat, and meat product merchant wholesalers","42443,4,6,7",123.1,125.6,123.3,124.4,123.5,-,-
Fresh fruit and vegetable merchant wholesalers,42448,103.9,103.9,105,105.4,107.8,-,-
Other grocery and related products merchant wholesalers,42449,254.2,256,257.1,255.1,253.3,-,-
Farm product raw material merchant wholesalers,4245,75.3,75.8,76.9,79.2,77.5,-,-
Grain and field bean merchant wholesalers,42451,40.2,41.9,41.6,41.7,40.2,-,-
Chemical and allied products merchant wholesalers,4246,154.3,150.5,151.1,151.3,152.3,-,-
Petroleum and petroleum products merchant wholesalers,4247,101.5,101.7,101.9,102,102.6,-,-
"Beer, wine, and distilled alcoholic beverage merchant wholesalers",4248,216.1,215,213.8,212.6,213.1,-,-
Beer and ale merchant wholesalers,42481,116.2,116.6,115.1,115.5,115.4,-,-
Wine and distilled alcoholic beverage merchant wholesalers,42482,99.9,98.4,98.7,97.1,97.7,-,-
Miscellaneous nondurable goods merchant wholesalers,4249,328.2,328.8,328.9,330.9,331.2,-,-
Farm supplies merchant wholesalers,42491,121,120.4,119.7,120.2,119.4,-,-
"Flower, nursery stock, and florists' supplies merchant wholesalers",42493,49.7,49.9,50.1,49.7,49.6,-,-
All other nondurable goods merchant wholesalers,"42492,4,5,9",157.5,158.5,159.1,161,162.2,-,-
Wholesale trade agents and brokers,425,496.7,485.9,483.2,484.7,485.4,487.4,2
,,,,,,,,
Retail trade,,15954,15546.2,15484.2,15589.6,15825.8,15945.1,119.3
Motor vehicle and parts dealers,441,2049.4,2063.9,2059.6,2062.6,2058.1,2055.1,-3
Automobile dealers,4411,1297,1300.2,1298.7,1303.3,1299.2,1298.8,-0.4
New car dealers,44111,1132.1,1131.7,1132,1135.2,1131.4,-,-
Used car dealers,44112,164.9,168.5,166.7,168.1,167.8,-,-
Other motor vehicle dealers,4412,157.9,164.6,161.2,159.8,159.1,157.4,-1.7
Recreational vehicle dealers,44121,53.7,53.1,52.9,52,51.5,-,-
"Motorcycle, boat, and other motor vehicle dealers",44122,104.2,111.5,108.3,107.8,107.6,-,-
"Automotive parts, accessories, and tire retailers",4413,594.5,599.1,599.7,599.5,599.8,598.9,-0.9
Automotive parts and accessories retailers,44133,400.8,409.5,409.6,406.2,405.9,-,-
Tire dealers,44134,193.7,189.6,190.1,193.3,193.9,-,-
Building material and garden equipment and supplies dealers,444,1363.8,1371.1,1346.4,1345,1345.8,1350.2,4.4
Building material and supplies dealers,4441,1183.8,1182.4,1159.6,1159.9,1158.9,-,-
Hardware retailers,44414,177.4,175.6,176.7,176.7,177.6,-,-
"Home centers, paint, wallpaper, and other building material dealers","44411,2,8",1006.4,1006.8,982.9,983.2,981.3,-,-
Lawn and garden equipment and supplies retailers,4442,180,188.7,186.8,185.1,186.9,-,-
Outdoor power equipment retailers,44423,31,31.3,30.2,30.4,31.1,-,-
"Nursery, garden center, and farm supply retailers",44424,149,157.4,156.6,154.7,155.8,-,-
Food and beverage retailers,445,3276,3246.6,3231.3,3251.5,3275.5,3272.4,-3.1
Grocery and convenience retailers,4451,2858,2832.7,2824.2,2844.1,2867,-,-
Supermarkets and other grocery retailers (except convenience retailers),44511,2658.5,2631.2,2622.4,2641.6,2666.5,-,-
Convenience retailers and vending machine operators,44513,199.5,201.5,201.8,202.5,200.5,-,-
Convenience retailers,445131,164.7,167.6,168.6,168.8,167.9,-,-
Vending machine operators,445132,34.8,33.9,33.2,33.7,32.6,-,-
Specialty food retailers,4452,243.9,240.3,237.1,237.5,235.4,-,-
Fruit and vegetable retailers,44523,31.7,36.6,36.8,37.9,34.5,-,-
"Meat, fish, and seafood retailers","44524,5",85.6,77,75.4,75.2,74.7,-,-
Other specialty food retailers,44529,126.6,126.7,124.9,124.4,126.2,-,-
"Baked goods, confectionery, and nut retailers","445291,2",43.9,41.6,41.1,40.1,41.4,-,-
All other specialty food retailers,445298,82.7,85.1,83.8,84.3,84.8,-,-
"Beer, wine, and liquor retailers",4453,174.1,173.6,170,169.9,173.1,-,-
"Furniture, home furnishings, electronics, and appliance retailers",449,841.2,777.6,784.6,793.8,822.8,837,14.2
Furniture and home furnishings retailers,4491,426,395.7,397.3,402.9,412.3,417.5,5.2
Furniture retailers,44911,200.8,190.1,190.6,190.9,191.4,-,-
Home furnishings retailers,44912,225.2,205.6,206.7,212,220.9,-,-
Floor covering retailers,449121,70.7,71.8,71.9,71.2,71.1,-,-
Window treatment and all other home furnishings retailers,"449122,9",154.5,133.8,134.8,140.8,149.8,-,-
Electronics and appliance retailers,4492,415.2,381.9,387.3,390.9,410.5,419.5,9
General merchandise retailers,455,3455.5,3286.3,3289.9,3315.2,3402.5,3443.9,41.4
Department stores,4551,1124,980.9,982.4,1001.6,1067,1106.3,39.3
"Warehouse clubs, supercenters, and other general merchandise retailers",4552,2331.5,2305.4,2307.5,2313.6,2335.5,2337.6,2.1
Health and personal care retailers,456,1122.1,1071.9,1078.7,1087.5,1087.5,1096.9,9.4
Pharmacies and drug retailers,45611,717.7,680.2,687.9,695.2,690.2,-,-
"Cosmetics, beauty supplies, and perfume retailers",45612,206.7,194.7,193.9,196.3,200.6,-,-
Optical goods retailers,45613,74.9,75.8,76.4,76,76.1,-,-
Other health and personal care retailers,45619,122.8,121.2,120.5,120,120.6,-,-
Food (health) supplement retailers,456191,50.1,48.7,48,47.7,47.6,-,-
All other health and personal care retailers,456199,72.7,72.5,72.5,72.3,73,-,-
Gasoline stations and fuel dealers,457,1057.2,1066.4,1066,1069,1071.7,1072,0.3
Gasoline stations,4571,984.9,999.1,998.4,999.3,1000.6,-,-
Gasoline stations with convenience stores,45711,893.5,908.2,907.2,908.5,910,-,-
Other gasoline stations,45712,91.4,90.9,91.2,90.8,90.6,-,-
Fuel dealers,4572,72.3,67.3,67.6,69.7,71.1,-,-
"Clothing, clothing accessories, shoe, and jewelry retailers",458,1235.7,1138.9,1117.7,1134.7,1195,1238.3,43.3
Clothing and clothing accessories retailers,4581,925.2,833,817.7,832,884.6,-,-
Shoe retailers,4582,177.9,176.9,171.6,175.1,177,-,-
"Jewelry, luggage, and leather goods retailers",4583,132.6,129,128.4,127.6,133.4,-,-
"Sporting goods, hobby, musical instrument, book, and miscellaneous retailers",459,1553.1,1523.5,1510,1530.3,1566.9,1579.3,12.4
"Sporting goods, hobby, and musical instrument retailers",4591,523.5,494.3,486.1,491.3,528.7,-,-
Sporting goods retailers,45911,314.8,287.1,282,286,300.4,-,-
"Hobby, toy, and game retailers",45912,142.7,139.1,136.1,138.5,160.2,-,-
"Sewing, needlework, and piece goods retailers",45913,32.6,35.7,34.8,33.8,34.3,-,-
Musical instrument and supplies retailers,45914,33.4,32.4,33.2,33,33.8,-,-
Book retailers and news dealers,4592,67.7,65.9,69.9,71.9,76.1,-,-
Florists,4593,59.4,55,57.1,57.2,56.6,-,-
"Office supplies, stationery, and gift retailers",4594,197.4,190.9,185.6,191,188,-,-
Office supplies and stationery retailers,45941,63,62.9,62,61.9,61,-,-
"Gift, novelty, and souvenir retailers",45942,134.4,128,123.6,129.1,127,-,-
Used merchandise retailers,4595,215.2,216.2,214.9,217.8,218.6,-,-
Other miscellaneous retailers,4599,489.9,501.2,496.4,501.1,498.9,-,-
Pet and pet supplies retailers,45991,138,138.6,137.1,138.1,137.6,-,-
Art dealers,45992,18.5,19.2,17.8,19.3,17.4,-,-
Manufactured (mobile) home dealers and all other miscellaneous retailers,"45993,9",333.4,343.4,341.5,343.7,343.9,-,-
"Tobacco, electronic cigarette, and other smoking supplies retailers",459991,137,145.6,144.7,146.1,148.1,-,-
,,,,,,,,
Transportation and warehousing,,7048.5,6631.6,6692.2,6741.6,6854.5,6975.3,120.8
Air transportation,481,568.4,581.3,577.2,576.1,577.3,579.8,2.5
Scheduled air transportation,4811,507,518.5,514.9,513.8,515.7,-,-
Nonscheduled air transportation,4812,61.4,62.8,62.3,62.3,61.6,-,-
Rail transportation,482,154.6,151.7,151.3,150.9,150.3,150.3,0
Water transportation,483,67.7,76.1,73.2,71.9,69.8,70.8,1
Truck transportation,484,1521.9,1545.5,1531.1,1530,1521.7,1516.4,-5.3
General freight trucking,4841,1066.5,1059,1051.8,1051.8,1051.9,-,-
"General freight trucking, local",48411,291.7,289.8,286.6,284.9,286.4,-,-
"General freight trucking, long-distance",48412,774.8,769.2,765.2,766.9,765.5,-,-
"General freight trucking, long-distance, truckload",484121,526.4,520.5,518.7,520.3,519.8,-,-
"General freight trucking, long-distance, less than truckload",484122,248.4,248.7,246.5,246.6,245.7,-,-
Specialized freight trucking,4842,455.4,486.5,479.3,478.2,469.8,-,-
Used household and office goods moving,48421,94.1,106.4,101.3,97.9,96,-,-
"Specialized freight (except used goods) trucking, local",48422,225.7,240.8,240.2,243.2,237.9,-,-
"Specialized freight (except used goods) trucking, long-distance",48423,135.6,139.3,137.8,137.1,135.9,-,-
Transit and ground passenger transportation,485,500.9,422.6,503.6,510.8,513.4,516.7,3.3
Taxi and limousine service,4853,69.9,67.2,69.6,71,69.5,-,-
School and employee bus transportation,4854,232.4,157.9,233.3,238.1,240.1,-,-
"Urban transit systems and interurban, rural, and charter bus transportation","4851,2,5",85.9,83.9,86.6,86.5,87.5,-,-
Other transit and ground passenger transportation,4859,112.7,113.6,114.1,115.2,116.3,-,-
Pipeline transportation,486,56.2,61.3,60.7,60.8,60.9,61.4,0.5
Scenic and sightseeing transportation,487,26.1,47.2,41.1,35.9,31.8,31.7,-0.1
Support activities for transportation,488,855.1,847.2,844,848.1,850.1,846.7,-3.4
Support activities for air transportation,4881,284,277.5,276.1,279.3,279.1,-,-
Support activities for water transportation,4883,101.7,103.7,102.7,99.4,99.6,-,-
Marine cargo handling,48832,65.6,67.2,66.2,62.6,66.6,-,-
Support activities for road transportation,4884,115.6,114.2,114.1,116.1,116.3,-,-
Freight transportation arrangement,4885,265.8,265.4,265.7,267,268.7,-,-
"Other support activities for transportation, including rail","4882,9",88,86.4,85.4,86.3,86.4,-,-
Couriers and messengers,492,1407.3,1087.1,1095,1125.9,1234.7,1364.5,129.8
Couriers and express delivery services,4921,1198.5,903.8,906.7,926.4,1017.8,-,-
Local messengers and delivery and private postal service,49111221,208.8,183.3,188.3,199.5,216.9,-,-
Warehousing and storage,493,1890.3,1811.6,1815,1831.2,1844.5,1837,-7.5
General warehousing and storage,49311,1757.4,1679.3,1683.5,1697.7,1712.1,-,-
Refrigerated warehousing and storage,49312,70.8,68.7,68.8,69.6,69.6,-,-
"Other warehousing and storage, including farm product","49313,9",62.1,63.6,62.7,63.9,62.8,-,-
,,,,,,,,
Utilities,22,594.3,598.7,596.1,598.1,601,602.4,1.4
"Electric power generation, transmission and distribution",2211,415.6,418,416.8,419.2,421.9,-,-
Electric power generation,22111,159.2,159.9,159.4,161,163.1,-,-
Fossil fuel electric power generation,221112,73.6,74.2,73.7,74.1,74.6,-,-
"Hydroelectric and nuclear, solar, wind, geothermal, biomass, and other electric power generation","221111,3-8",85.6,85.7,85.7,86.9,88.5,-,-
"Electric power transmission, control, and distribution",22112,256.4,258.1,257.4,258.2,258.8,-,-
Electric bulk power transmission and control,221121,28.7,29.2,29.1,29.2,29.2,-,-
Electric power distribution,221122,227.7,228.9,228.3,229,229.6,-,-
Natural gas distribution,2212,116.1,117.1,116.3,116.2,116.3,-,-
"Water, sewage, and other systems",2213,62.6,63.6,63,62.7,62.8,-,-
,,,,,,,,
Information,51,2964,2952,2924,2924,2920,2932,12
Motion picture and sound recording industries,512,415.8,414.4,390.4,395.7,401.3,402.4,1.1
Motion picture and video production,51211,238.5,239.4,225.7,230.9,230.5,-,-
Motion picture and video exhibition,51213,121.2,123.8,112.2,111.7,115.8,-,-
Publishing industries,513,924.7,927.4,931.4,919.8,913.7,918.4,4.7
"Newspaper, periodical, book, and directory publishers",5131,266.6,260.6,256.1,256.6,255.4,-,-
Newspaper publishers,51311,86.9,84.5,82.6,82,80.6,-,-
Periodical publishers,51312,65.4,63.6,62.5,63,62.9,-,-
Book publishers,51313,56.5,56.4,55.5,56.4,56.5,-,-
"Directory, mailing list, and other publishers","51314,9",57.8,56.1,55.5,55.2,55.4,-,-
Software publishers,5132,658.1,666.8,675.3,663.2,658.3,-,-
Broadcasting and content providers,516,332.2,332.9,334.9,336.8,334.7,334.6,-0.1
Radio and television broadcasting stations,5161,113.6,111.3,111.6,112.4,111.7,-,-
Radio broadcasting stations,51611,49.9,47.7,48,48.3,47.9,-,-
Television broadcasting stations,51612,63.7,63.6,63.6,64.1,63.8,-,-
"Media streaming distribution services, social networks, and other media networks and content providers",5162,218.6,221.6,223.3,224.4,223,-,-
Telecommunications,517,622,602.6,602.3,601.8,597.7,613.3,15.6
Wired and wireless telecommunications (except satellite),5171,568.9,548.9,547.6,546.7,542.6,-,-
Wired and wireless telecommunications carriers (except satellite),51711,530.2,511.2,509.4,508.5,504.5,-,-
Wired telecommunications carriers,517111,447,430.8,429.4,429.3,424.7,-,-
Wireless telecommunications carriers (except satellite),517112,83.2,80.4,80,79.2,79.8,-,-
Telecommunications resellers,51712,38.7,37.7,38.2,38.2,38.1,-,-
All other telecommunications,"5174,8",53.1,53.7,54.7,55.1,55.1,-,-
"Computing infrastructure providers, data processing, web hosting, and related services",518,485.5,485.3,478.4,483.1,484,478.3,-5.7
"Web search portals, libraries, archives, and other information services",519,183.7,189.6,186.1,187.1,188.6,185,-3.6
Libraries and archives,51921,28.9,29.3,29.1,29.7,30.5,-,-
Web search portals and all other information services,51929,154.8,160.3,157,157.4,158.1,-,-
,,,,,,,,
Financial activities(2),,9235,9284,9237,9251,9251,9274,23
Finance and insurance,52,6743.9,6759.3,6736.9,6750.7,6755.9,6764.8,8.9
Monetary authorities-central bank,521,21.2,21.1,20.9,20.6,20.5,20.3,-0.2
Credit intermediation and related activities,522,2558.7,2560.8,2554.2,2551.3,2557.7,2562.6,4.9
Depository credit intermediation,5221,1779.7,1783,1778.3,1777.8,1781.5,1787.5,6
Commercial banking,52211,1369.6,1364.9,1360.2,1358.2,1359.1,1365,5.9
Credit unions,52213,313.8,323.3,323.7,324.7,326.7,-,-
Savings institutions and other depository credit intermediation,52218,96.3,94.8,94.4,94.9,95.7,-,-
Nondepository credit intermediation,5222,507.9,501.9,499.1,498.7,500.3,500.3,0
Credit card issuing,52221,61.3,55.8,55.9,55.2,55.3,-,-
Sales financing,52222,84.5,88,87.5,88.3,88.8,-,-
Other nondepository credit intermediation,52229,362.1,358.1,355.7,355.2,356.2,-,-
Consumer lending,522291,88.5,87.5,87.9,88.8,89.1,-,-
Real estate credit,522292,183.8,181.2,180,178.8,179.3,-,-
"International, secondary market, and all other nondepository credit intermediation",522299,89.8,89.4,87.8,87.6,87.8,-,-
Activities related to credit intermediation,5223,271.1,275.9,276.8,274.8,275.9,274.8,-1.1
Mortgage and nonmortgage loan brokers,52231,82.4,85.4,86,86.8,87.8,-,-
"Financial transactions processing, reserve, and clearinghouse activities",52232,124.5,128.4,129.1,127.7,127.3,-,-
Other activities related to credit intermediation,52239,64.2,62.1,61.7,60.3,60.8,-,-
"Securities, commodity contracts, funds, trusts, and other financial vehicles, investments, and related activities","523,5",1135.5,1159.5,1151.4,1160,1164.5,1170.5,6
"Securities and commodity contracts brokerage, intermediation, and exchanges","5231,2",485.4,487.9,484.3,488.7,489.8,-,-
Investment banking and securities intermediation,52315,450.7,452.8,450.4,454.3,455,-,-
"Funds, trusts, and other financial vehicles and investment activities","5239,50",650.1,671.6,667.1,671.3,674.7,-,-
Miscellaneous intermediation,52391,35.5,35.4,34.7,34.6,34.9,-,-
Portfolio management and investment advice,52394,519.1,537,533,538,541.2,-,-
All other financial investment activities,52399500,95.5,99.2,99.4,98.7,98.6,-,-
Insurance carriers and related activities,524,3028.5,3017.9,3010.4,3018.8,3013.2,3011.4,-1.8
Insurance carriers,5241,1617.5,1605.2,1599.4,1601.2,1598.2,-,-
"Direct life, health, and medical insurance carriers",52411,905.2,886.1,884.2,882.9,881.2,-,-
"Direct insurance (except life, health, and medical) carriers",52412,680.9,688.4,684.8,688.4,687.2,-,-
Direct property and casualty insurance carriers,524126,588.3,594.5,590.5,594.3,592.8,-,-
"Direct title insurance and other direct insurance (except life, health, and medical) carriers","524127,8",92.6,93.9,94.3,94.1,94.4,-,-
Reinsurance carriers,52413,31.4,30.7,30.4,29.9,29.8,-,-
"Agencies, brokerages, and other insurance related activities",5242,1411,1412.7,1411,1417.6,1415,-,-
Insurance agencies and brokerages,52421,1024.3,1029.1,1029.4,1039.4,1038.6,-,-
Other insurance related activities,52429,386.7,383.6,381.6,378.2,376.4,-,-
Claims adjusting,524291,60.5,57.8,55.7,53,50.5,-,-
Pharmacy benefit management and other third party administration of insurance and pension funds,524292,224,223.1,223.9,224.2,224.7,-,-
All other insurance related activities,524298,102.2,102.7,102,101,101.2,-,-
Real estate and rental and leasing,53,2490.9,2524.6,2499.6,2500,2495.5,2509,13.5
Real estate,531,1886.9,1892.4,1875.5,1887.7,1887.7,1898.7,11
Lessors of real estate,5311,634.8,632.7,625,623.2,623,-,-
Lessors of residential buildings and dwellings,53111,370.8,371,366.5,364.2,364.1,-,-
Lessors of nonresidential buildings (except miniwarehouses),53112,159.8,156.8,154.8,155.8,155.8,-,-
Lessors of miniwarehouses and self-storage units,53113,60.3,61,60.1,60.4,61.6,-,-
Lessors of other real estate property,53119,43.9,43.9,43.6,42.8,41.5,-,-
Offices of real estate agents and brokers,5312,399.4,394.9,394.1,404.3,405.2,-,-
Activities related to real estate,5313,852.7,864.8,856.4,860.2,859.5,-,-
Real estate property managers,53131,727.5,741.7,733.2,734.8,733.4,-,-
Residential property managers,531311,550.7,562,554.1,553.3,554.3,-,-
Nonresidential property managers,531312,176.8,179.7,179.1,181.5,179.1,-,-
Offices of real estate appraisers,53132,29.5,27.6,27.6,27.9,28.4,-,-
Other activities related to real estate,53139,95.7,95.5,95.6,97.5,97.7,-,-
Rental and leasing services,532,580.7,609,601,589.1,584.6,587,2.4
Automotive equipment rental and leasing,5321,217.1,222.5,221.6,216,216.4,-,-
Passenger car rental and leasing,53211,122.6,124.2,124.9,120.6,120.4,-,-
"Truck, utility trailer, and recreational vehicle (RV) rental and leasing",53212,94.5,98.3,96.7,95.4,96,-,-
Consumer goods rental,5322,127.3,147.4,140.2,135.6,131.7,-,-
Home health equipment rental,532283,32.9,34.8,35.5,35.3,35.5,-,-
General rental centers,5323,31.4,32.9,32.3,31.8,31.3,-,-
Commercial and industrial machinery and equipment rental and leasing,5324,204.9,206.2,206.9,205.7,205.2,-,-
"Construction, transportation, mining, and forestry machinery and equipment rental and leasing",53241,108.6,110.8,111.1,110,108,-,-
"Office, commercial, and industrial machinery and equipment rental and leasing","53242,9",96.3,95.4,95.8,95.7,97.2,-,-
Lessors of nonfinancial intangible assets (except copyrighted works),533,23.3,23.2,23.1,23.2,23.2,23.3,0.1
,,,,,,,,
Professional and business services,,22707,22648,22592,22748,22692,22605,-87
"Professional, scientific, and technical services",54,10912.2,10865.8,10773.3,10880.8,10892.5,10905.4,12.9
Legal services,5411,1203.7,1198.3,1195.5,1210,1212.9,1219.2,6.3
Offices of lawyers,54111,1107.4,1098.8,1096.7,1108.9,1112.7,-,-
Other legal services,54119,96.3,99.5,98.8,101.1,100.2,-,-
"Accounting, tax preparation, bookkeeping, and payroll services",5412,1133.8,1118.2,1114.6,1124.5,1131.7,1144.9,13.2
Offices of certified public accountants,541211,529.6,535,532.7,530.8,528.6,-,-
Tax preparation services,541213,88.4,58.9,59.7,64.6,79.2,-,-
Payroll services,541214,235.5,246.8,244.3,247.8,243.7,-,-
Other accounting services,541219,280.3,277.5,277.9,281.3,280.2,-,-
"Architectural, engineering, and related services",5413,1727.3,1777.1,1752,1762.6,1763.8,1762.3,-1.5
Architectural services,54131,203.2,206.8,203.4,205,204.6,-,-
Landscape architectural services,54132,33.1,38.1,37.4,37.6,36.5,-,-
Engineering and drafting services,"54133,4",1212.3,1245.8,1228.3,1234.4,1238.1,-,-
"Building inspection, surveying, and mapping services","54135,6,7",98.7,101.9,100,100.4,99.2,-,-
Testing laboratories and services,54138,180,184.5,182.9,185.2,185.4,-,-
Specialized design services,5414,153.3,151.3,149.8,152.9,152.4,150.6,-1.8
Interior design services,54141,60.2,61.6,61.2,62.1,63.1,-,-
Graphic design services,54143,54.8,51.9,51.1,52.5,52.5,-,-
Computer systems design and related services,5415,2453.8,2429.4,2393.9,2420.1,2417.3,2406.9,-10.4
Custom computer programming services,541511,1101.4,1097.1,1084,1094.5,1096.2,-,-
Computer systems design services,541512,1133.6,1114.8,1094.7,1109.8,1107.6,-,-
Computer facilities management services,541513,82.1,82.2,82.4,81.5,80.6,-,-
Other computer related services,541519,136.7,135.3,132.8,134.3,132.9,-,-
"Management, scientific, and technical consulting services",5416,1908.9,1877.7,1874.9,1900.4,1903.3,1911.6,8.3
Management consulting services,54161,1586,1563.2,1562.9,1584.4,1585.7,-,-
Administrative management and general management consulting services,541611,865.8,866.7,868.9,881.3,879.9,-,-
Human resources consulting services,541612,95,95.7,95.5,96.5,97.6,-,-
Marketing consulting services,541613,321.9,305.9,305.1,309,311.4,-,-
"Process, physical distribution, and logistics consulting services",541614,171.2,167.6,166.4,169.2,168.6,-,-
Other management consulting services,541618,132.1,127.3,127,128.4,128.2,-,-
Environmental consulting services,54162,104.6,104.7,103.9,104.5,104.2,-,-
Other scientific and technical consulting services,54169,218.3,209.8,208.1,211.5,213.4,-,-
Scientific research and development services,5417,939.8,931.6,919.4,918.6,918.6,920.8,2.2
"Research and development in the physical, engineering, and life sciences",54171,868.5,863,853.3,851,850.7,-,-
Research and development in nanotechnology,541713,23.6,20.9,21.2,21,20.6,-,-
"Research and development in biotechnology, except nanobiotechnology",541714,299.1,302,299.6,300.6,301.6,-,-
"Research and development in the physical, engineering, and life sciences, except nanotechnology and biotechnology",541715,545.8,540.1,532.5,529.4,528.5,-,-
Research and development in the social sciences and humanities,54172,71.3,68.6,66.1,67.6,67.9,-,-
"Advertising, public relations, and related services",5418,500.5,495.5,491.6,496.5,497.7,497.6,-0.1
Advertising agencies,54181,220,222.3,220,221,218.3,-,-
Public relations agencies,54182,70.1,64.5,64.3,65.3,65.3,-,-
Media buying agencies and media representatives,"54183,4",35.6,32.6,32.2,31.9,31.7,-,-
Indoor and outdoor display advertising,54185,31.1,30,30,30.1,30.4,-,-
Direct mail advertising,54186,29.5,28.5,27.9,27.9,28.1,-,-
Advertising material distribution and other services related to advertising,"54187,9",114.2,117.6,117.2,120.3,123.9,-,-
"Other professional, scientific, and technical services",5419,891.1,886.7,881.6,895.2,894.8,891.5,-3.3
Marketing research and public opinion polling,54191,67.4,60.4,60.9,60.6,61.9,-,-
Photographic services,54192,50.4,47.7,49.5,51.2,49,-,-
Veterinary services,54194,467.7,467.3,460.4,468.8,469.7,-,-
"Translation, interpretation, and all other professional, scientific, and technical services","54193,9",305.6,311.3,310.8,314.6,314.2,-,-
Management of companies and enterprises,55,2631.3,2640,2630.4,2626.5,2631.2,2640.8,9.6
Offices of bank and other holding companies,"551111,2",99.3,106.2,106,105.4,105.3,-,-
"Corporate, subsidiary, and regional managing offices",551114,2532,2533.8,2524.4,2521.1,2525.9,-,-
Administrative and support and waste management and remediation services,56,9163.9,9141.8,9187.8,9240.3,9168.3,9058.4,-109.9
Administrative and support services,561,8646,8615.4,8665.4,8718.1,8647.3,8540.3,-107
Office administrative services,5611,626.9,624.2,619.5,620.8,622,626.6,4.6
Facilities support services,5612,184.7,188,187.3,189.7,185.3,184,-1.3
Employment services,5613,3380.1,3175.2,3260.4,3304.9,3278.3,3258.5,-19.8
Employment placement agencies and executive search services,56131,304.8,284.3,286.4,288.6,290.2,-,-
Employment placement agencies,561311,264.6,247.1,248.2,250.4,252.2,-,-
Executive search services,561312,40.2,37.2,38.2,38.2,38,-,-
Temporary help services,56132,2643,2470.2,2548.6,2583.1,2556.2,2537.3,-18.9
Professional employer organizations,56133,432.3,420.7,425.4,433.2,431.9,-,-
Business support services,5614,686.4,635.9,642,646.8,650,656.1,6.1
Document preparation services,56141,36.8,33.9,32.8,32,31.8,-,-
Telephone call centers,56142,357.1,316.9,323.4,330.9,332.2,-,-
Telephone answering services,561421,36,37,36.9,36.9,37.9,-,-
Telemarketing bureaus and other contact centers,561422,321.1,279.9,286.5,294,294.3,-,-
Business service centers,56143,77.6,74.6,75.6,75.6,78.4,-,-
Collection agencies,56144,85.3,82.9,83.3,82.1,81.7,-,-
"Repossession, court reporting, stenotype, and other business support services and credit bureaus","56145,9",129.6,127.6,126.9,126.2,125.9,-,-
All other business support services,561499,88.3,90.4,89.6,90.1,88.7,-,-
Travel arrangement and reservation services,5615,190.3,196.1,193.8,197.8,196.7,195.5,-1.2
Travel agencies,56151,79.2,77.1,76.8,79,79.2,-,-
Tour operators,56152,21.5,25.7,26,25.8,25.4,-,-
Other travel arrangement and reservation services,56159,89.6,93.3,91,93,92.1,-,-
Investigation and security services,5616,1034.5,1036.5,1042.8,1046.8,1045.6,1041.1,-4.5
"Investigation, guard, and armored car services",56161,876.2,880,885.7,887.4,883.2,-,-
Investigation and personal background check services,561611,38.9,37.9,38.2,39.9,39.3,-,-
"Security guards, patrol services, and armored car services","561612,3",837.3,842.1,847.5,847.5,843.9,-,-
Security systems services,56162,158.3,156.5,157.1,159.4,162.4,-,-
Services to buildings and dwellings,5617,2218.8,2425.3,2383,2369.5,2327.9,2242.3,-85.6
Exterminating and pest control services,56171,152.6,161.7,159.7,158.2,155.8,-,-
Janitorial services,56172,1082.7,1085,1077.1,1079,1076.8,-,-
Landscaping services,56173,834.7,1005.3,983,968.5,935.7,-,-
Carpet and upholstery cleaning services,56174,35.5,33.6,33.7,33,33.2,-,-
Other services to buildings and dwellings,56179,113.3,139.7,129.5,130.8,126.4,-,-
Other support services,5619,324.3,334.2,336.6,341.8,341.5,336.2,-5.3
Packaging and labeling services,56191,64.4,63.9,63.9,63.4,63.5,-,-
Convention and trade show organizers,56192,53.5,55.4,57,59.8,60.1,-,-
All other support services,56199,206.4,214.9,215.7,218.6,217.9,-,-
Waste management and remediation services,562,517.9,526.4,522.4,522.2,521,518.1,-2.9
Waste collection,5621,218.7,223.2,222.4,221.9,223.1,-,-
Solid waste collection,562111,188.3,192.6,192.2,191.2,192.1,-,-
Hazardous and other waste collection,"562112,9",30.4,30.6,30.2,30.7,31,-,-
Waste treatment and disposal,5622,109.9,107.2,106.7,107,106.6,-,-
Hazardous waste treatment and disposal,562211,43.9,40.4,40.4,40.3,39.8,-,-
"Solid waste landfill, combustors, and incinerators and other nonhazardous waste treatment and disposal","562212,3,9",66,66.8,66.3,66.7,66.8,-,-
Remediation and other waste management services,5629,189.3,196,193.3,193.3,191.3,-,-
Remediation services,56291,104.3,108.4,105.9,106.2,106,-,-
Materials recovery facilities and other waste management services,"56292,9",85,87.6,87.4,87.1,85.3,-,-
,,,,,,,,
Private education and health services,,27093,27184,27445,27738,27860,27793,-67
Private educational services,61,4055.8,3741.5,3979.4,4117.4,4142.2,4047.5,-94.7
Private elementary and secondary schools,6111,1238,1184.4,1240.8,1268.8,1272.9,-,-
"Private junior colleges, colleges, universities, and professional schools","6112,3",1847.4,1585.1,1790.7,1868.6,1880.8,-,-
Private business schools and computer and management training,6114,85.3,82.7,81.9,82.6,81.5,-,-
Private business and secretarial schools and private computer training,"61141,2",19.4,17.8,17.2,17.6,17.3,-,-
Private professional and management development training,61143,65.9,64.9,64.7,65,64.2,-,-
Private technical and trade schools,6115,130.8,123.3,120.4,126.4,126,-,-
Private flight training,611512,27.2,25.4,23.8,24.8,24.2,-,-
Private cosmetology and barber schools and apprenticeship training,"611511,3",37.9,32.6,32.8,35.7,35.4,-,-
Other private technical and trade schools,611519,65.7,65.3,63.8,65.9,66.4,-,-
Other private schools and instruction,6116,548.2,561.3,541.2,559.1,566.3,-,-
Private fine arts schools,61161,143,144.5,143.8,153.3,153.5,-,-
Private sports and recreation instruction,61162,179.4,186.2,167.3,168.8,171.5,-,-
Private language schools and all other private schools and instruction,"61163,9",225.8,230.6,230.1,237,241.3,-,-
Private exam preparation and tutoring,611691,105.3,105.1,106,112.1,114.8,-,-
Private miscellaneous schools and instruction,611699,83.7,91.8,86.8,86.3,88.9,-,-
Private educational support services,6117,206.1,204.7,204.4,211.9,214.7,-,-
Health care and social assistance,62,23037.6,23442.7,23465.2,23620.2,23717.8,23745.6,27.8
Health care(3),"621,2,3",18034.7,18225.6,18238.9,18341.9,18424,18439.8,15.8
Ambulatory health care services,621,8990.3,9007.4,9015,9102,9150.1,9150.2,0.1
Offices of physicians,6211,3041.8,3063,3065.5,3095.4,3105.3,3115.2,9.9
Offices of physicians (except mental health specialists),621111,2957,2975.4,2975.7,3007,3014.9,-,-
"Offices of physicians, mental health specialists",621112,84.8,87.6,89.8,88.4,90.4,-,-
Offices of dentists,6212,1053.2,1058.4,1048.1,1061.8,1070,1067.8,-2.2
Offices of other health practitioners,6213,1272,1279.4,1278,1294.3,1300.5,1297.9,-2.6
Offices of chiropractors,62131,146.5,142.2,141.1,143.5,143.3,-,-
Offices of optometrists,62132,156.1,161,160.9,162.8,164.2,-,-
Offices of mental health practitioners (except physicians),62133,264.9,276.6,276.9,282.7,283.5,-,-
"Offices of physical, occupational and speech therapists, and audiologists",62134,506.7,502.7,502.7,509.1,510.6,-,-
Offices of all other health practitioners,62139,197.8,196.9,196.4,196.2,198.9,-,-
Offices of podiatrists,621391,32.1,31.9,31.4,31.2,31.9,-,-
Offices of all other miscellaneous health practitioners,621399,165.7,165,165,165,167,-,-
Outpatient care centers,6214,1123.2,1117.4,1122.2,1128.5,1134.8,1134.5,-0.3
Outpatient mental health and substance abuse centers,62142,321.7,324.8,328.7,330.9,334.1,-,-
Other outpatient care centers,"62141,9",801.5,792.6,793.5,797.6,800.7,-,-
HMO medical centers,621491,209.6,202.3,203.1,203.6,205,-,-
Kidney dialysis centers,621492,126.9,125.2,124.9,125.6,126.3,-,-
Freestanding ambulatory surgical and emergency centers,621493,180.3,174.7,175.2,176.6,176,-,-
Family planning and all other outpatient care centers,"621410,98",284.7,290.4,290.3,291.8,293.4,-,-
Medical and diagnostic laboratories,6215,306,311.1,310.8,314.1,315.4,314.7,-0.7
Medical laboratories,621511,220,222.4,221.5,223.4,224.2,-,-
Diagnostic imaging centers,621512,86,88.7,89.3,90.7,91.2,-,-
Home health care services,6216,1835.6,1815.5,1825.9,1841.7,1855.5,1851.7,-3.8
Other ambulatory health care services,6219,358.5,362.6,364.5,366.2,368.6,368.4,-0.2
Ambulance services,62191,171.9,175.9,176.8,178.1,180.7,-,-
All other ambulatory health care services,62199,186.6,186.7,187.7,188.1,187.9,-,-
Blood and organ banks,621991,86.3,87.4,87.9,87.6,87.8,-,-
All other miscellaneous ambulatory health care services,621999,100.3,99.3,99.8,100.5,100.1,-,-
Hospitals,622,5654.9,5762.9,5780.5,5788,5808.5,5816.9,8.4
General medical and surgical hospitals,6221,5167.6,5278.2,5293,5300.9,5321.6,-,-
Psychiatric and substance abuse hospitals,6222,167.3,163.7,165.7,163,162.1,-,-
"Specialty, except psychiatric and substance abuse, hospitals",6223,320,321,321.8,324.1,324.8,-,-
Nursing and residential care facilities,623,3389.5,3455.3,3443.4,3451.9,3465.4,3472.7,7.3
Skilled nursing care facilities,6231,1522.5,1563.1,1557.8,1561.7,1568.7,1565.9,-2.8
"Residential intellectual and developmental disability, mental health, and substance abuse facilities",6232,689.3,703.2,702.1,704.2,709,712.1,3.1
Residential intellectual and developmental disability facilities,62321,416,426.1,425.2,428.3,429.3,-,-
Residential mental health and substance abuse facilities,62322,273.3,277.1,276.9,275.9,279.7,-,-
Continuing care retirement communities and assisted living facilities for the elderly,6233,1007.6,1014,1008.5,1011.6,1013.7,1019.8,6.1
Continuing care retirement communities,623311,493.1,495.2,492.1,495.1,498.8,-,-
Assisted living facilities for the elderly,623312,514.5,518.8,516.4,516.5,514.9,-,-
Other residential care facilities,6239,170.1,175,175,174.4,174,174.9,0.9
Social assistance,624,5002.9,5217.1,5226.3,5278.3,5293.8,5305.8,12
Individual and family services,6241,3374.8,3602.7,3608.9,3646.2,3655.4,3660.3,4.9
Child and youth services,62411,237.1,236.4,235.2,239.7,240.4,-,-
Services for the elderly and persons with disabilities,62412,2610.4,2842.9,2848,2871.2,2878,-,-
Other individual and family services,62419,527.3,523.4,525.7,535.3,537,-,-
"Community food and housing, and emergency and other relief services",6242,238.2,238.6,237.7,240,242.1,243,0.9
Community food services,62421,51.6,52,51.3,51.3,52.6,-,-
"Community housing, emergency, and relief services","62422,3",186.6,186.6,186.4,188.7,189.5,-,-
Vocational rehabilitation services,6243,286.1,285.2,280.1,280.4,283.3,285.2,1.9
Child care services,6244,1103.8,1090.6,1099.6,1111.7,1113,1117.3,4.3
,,,,,,,,
Leisure and hospitality,,16672,17692,17197,17093,16911,16861,-50
"Arts, entertainment, and recreation",71,2510.9,2982.1,2760.3,2675.3,2569.1,2549.3,-19.8
"Performing arts, spectator sports, and related industries",711,599.3,663.4,664.3,653.1,640.7,631.9,-8.8
Performing arts companies,7111,149,152,157.3,164.6,171,-,-
Musical groups and artists,71113,40.9,38.3,42.9,48.3,50.9,-,-
"Theater, dance, and other performing arts companies and dinner theaters","71111,2,9",108.1,113.7,114.4,116.3,120.1,-,-
Spectator sports,7112,154.3,211.3,205.4,179.4,171,-,-
Sports teams and clubs,711211,108.8,154.5,150.6,130.3,123.5,-,-
Racetracks and other spectator sports,"711212,9",45.5,56.8,54.8,49.1,47.5,-,-
Arts and sports promoters and agents and managers for public figures,"7113,4",227.2,237.9,238.8,241.5,234.4,-,-
"Independent artists, writers, and performers",7115,68.8,62.2,62.8,67.6,64.3,-,-
"Museums, historical sites, and similar institutions",712,177.7,192.5,185.5,185.2,183.1,181.9,-1.2
Museums,71211,101.9,108.1,106.3,106,105.2,-,-
"Historical sites, zoos, botanical gardens, nature parks, and other similar institutions","71212,3,9",75.8,84.4,79.2,79.2,77.9,-,-
"Amusement, gambling, and recreation industries",713,1733.9,2126.2,1910.5,1837,1745.3,1735.5,-9.8
Amusement parks and arcades,7131,209.6,266.7,242.8,226.2,202.9,-,-
Gambling industries,7132,126.6,127,126.3,126.7,127.7,-,-
"Casinos, except casino hotels",71321,65.1,66.3,66.1,65.8,66.5,-,-
Other gambling industries,71329,61.5,60.7,60.2,60.9,61.2,-,-
Other amusement and recreation industries,7139,1397.7,1732.5,1541.4,1484.1,1414.7,-,-
Golf courses and country clubs,71391,361.8,530.4,471.5,445.8,392.6,-,-
Skiing facilities,71392,80,28.5,26.7,27.3,40.4,-,-
Marinas,71393,34.9,51.6,41.3,38.4,36.8,-,-
Fitness and recreational sports centers,71394,627.2,719.3,653.4,633.9,637.6,-,-
Bowling centers,71395,73.1,72.6,74.3,75.6,77.5,-,-
All other amusement and recreation industries,71399,220.7,330.1,274.2,263.1,229.8,-,-
Accommodation and food services,72,14161.1,14709.8,14436.3,14417.5,14342.1,14311.4,-30.7
Accommodation,721,1889.5,2068.4,1973,1924.1,1889.3,1889.1,-0.2
Traveler accommodation,7211,1844.3,1953.8,1902,1864.6,1838.4,-,-
Hotels (except casino hotels) and motels,72111,1549.2,1644.4,1596.8,1560.7,1541,-,-
Casino hotels,72112,252.5,258.4,256.6,256.9,254.5,-,-
Other traveler accommodation,72119,42.6,51,48.6,47,42.9,-,-
Bed-and-breakfast inns,721191,13.1,18,17.5,17,14.5,-,-
"All other traveler accommodation and rooming and boarding houses, dormitories, and workers' camps",721310199,29.5,33,31.1,30,28.4,-,-
Recreational vehicle (RV) parks and recreational camps,7212,45.2,114.6,71,59.5,50.9,-,-
Food services and drinking places,722,12271.6,12641.4,12463.3,12493.4,12452.8,12422.3,-30.5
Special food services,7223,819.5,760.9,825.8,829,818.8,-,-
Food service contractors,72231,586.7,521.4,577.3,578.6,572.9,-,-
Caterers and mobile food services,"72232,3",232.8,239.5,248.5,250.4,245.9,-,-
"Drinking places, alcoholic beverages",7224,423.1,447.8,445.7,445.5,441.9,-,-
Restaurants and other eating places,7225,11029,11432.7,11191.8,11218.9,11192.1,-,-
Full-service restaurants,722511,5362.7,5567.5,5458.3,5452.3,5435.5,-,-
Limited-service restaurants,722513,4634.9,4756.5,4655.6,4683.9,4679.4,-,-
"Cafeterias, grill buffets, and buffets",722514,79.4,78.9,76.4,77.1,75.3,-,-
Snack and nonalcoholic beverage bars,722515,952,1029.8,1001.5,1005.6,1001.9,-,-
,,,,,,,,
Other services,81,5982,6106,6036,6050,6049,6042,-7
Repair and maintenance,811,1465.5,1497.2,1486.9,1488.7,1485.1,1477.3,-7.8
Automotive repair and maintenance,8111,1035.8,1057.2,1048.1,1047,1043.8,-,-
Automotive mechanical and electrical repair and maintenance,81111,444.2,449.4,446.3,446.5,445.9,-,-
General automotive repair,811111,400.3,407.2,403.2,403.4,403.4,-,-
Specialized automotive repair,811114,43.9,42.2,43.1,43.1,42.5,-,-
"Automotive body, paint, interior, and glass repair",81112,298.9,299.6,297.1,295.3,294.8,-,-
"Automotive body, paint, and interior repair and maintenance",811121,261.1,259.3,257.4,256,255.7,-,-
Automotive glass replacement shops,811122,37.8,40.3,39.7,39.3,39.1,-,-
Other automotive repair and maintenance,81119,292.7,308.2,304.7,305.2,303.1,-,-
Car washes,811192,185.7,194.2,190.9,187.5,186.2,-,-
Automotive oil change and lubrication shops and all other automotive repair and maintenance,"811191,8",107,114,113.8,117.7,116.9,-,-
Electronic and precision equipment repair and maintenance,8112,105.1,101.3,101.6,102,103,-,-
Commercial and industrial machinery and equipment (except automotive and electronic) repair and maintenance,8113,245.5,253.2,252.1,255.1,253.8,-,-
Personal and household goods repair and maintenance,8114,79.1,85.5,85.1,84.6,84.5,-,-
Personal and laundry services,812,1611.1,1639.9,1627.1,1634.4,1631.5,1635.7,4.2
Personal care services,8121,780.4,795.5,788.8,795.7,792.7,-,-
"Hair, nail, and skin care services",81211,580.9,581.7,577.1,581.7,578.6,-,-
Barber shops and beauty salons,"812111,2",426.5,417.3,414.3,416.9,414.8,-,-
Nail salons,812113,154.4,164.4,162.8,164.8,163.8,-,-
Other personal care services,81219,199.5,213.8,211.7,214,214.1,-,-
Death care services,8122,134,135.2,135.9,139,137.5,-,-
Funeral homes and funeral services,81221,102.5,100.6,100.8,103.7,104,-,-
Cemeteries and crematories,81222,31.5,34.6,35.1,35.3,33.5,-,-
Drycleaning and laundry services,8123,263.1,268.8,266.6,263.5,264.3,-,-
Coin-operated laundries and drycleaners,81231,39.4,43.4,44,42.5,43.4,-,-
"Drycleaning and laundry services, except coin-operated",81232,92,90.6,88.8,87.1,86.5,-,-
Linen and uniform supply,81233,131.7,134.8,133.8,133.9,134.4,-,-
Linen supply,812331,65.6,67.5,66.5,66.7,67.2,-,-
Industrial launderers,812332,66.1,67.3,67.3,67.2,67.2,-,-
Other personal services,8129,433.6,440.4,435.8,436.2,437,-,-
Pet care (except veterinary) services,81291,191.4,196,190.9,189.5,192.9,-,-
Parking lots and garages,81293,138.7,140.7,141.9,142.4,141.2,-,-
Photofinishing and all other personal services,"81292,9",103.5,103.7,103,104.3,102.9,-,-
"Religious, grantmaking, civic, professional, and similar organizations",813,2905.6,2968.4,2922,2927.2,2932.4,2928.9,-3.5
Grantmaking and giving services,8132,206.9,209.3,210.9,214.6,217.5,-,-
Grantmaking foundations,813211,119.5,120.4,122.6,124.9,125.1,-,-
Voluntary health organizations,813212,40.3,40.1,39.4,39.8,41,-,-
Other grantmaking and giving services,813219,47.1,48.8,48.9,49.9,51.4,-,-
Social advocacy organizations,8133,284.1,294.5,287.2,288.7,289.4,-,-
Human rights organizations,813311,59.3,58.3,57.8,59,60.1,-,-
"Environment, conservation, wildlife, and other social advocacy organizations","813312,9",224.8,236.2,229.4,229.7,229.3,-,-
Civic and social organizations,8134,362.5,397.8,366.4,370.9,371.7,-,-
"Business, professional, labor, political, and similar organizations",8139,478.1,492.8,483.5,479,479.8,-,-
Business associations,81391,118.9,114.8,113.7,115.5,116.1,-,-
Professional organizations,81392,88.1,91.2,89.5,88,88.7,-,-
Labor unions and similar labor organizations,81393,105.1,99.7,102.2,101.2,101.5,-,-
"Political and other similar organizations (except business, professional, and labor organizations)","81394,9",166,187.1,178.1,174.3,173.5,-,-
,,,,,,,,
Government,,23843,22704,23587,23707,23812,23686,-126
Federal,,3020,2911,2908,2746,2743,2747,4
"Federal, except U.S. Postal Service",,2414.2,2322.6,2319,2157.9,2148.6,2144.8,-3.8
Federal hospitals,,377.8,368.1,367.6,360.8,360.1,-,-
Department of Defense,,559.3,551.5,552,496.6,493.1,-,-
U.S. Postal Service(4),,606,588.1,589.3,588.5,594.5,601.7,7.2
Other Federal government,,1477.1,1403,1399.4,1300.5,1295.4,-,-
State government,,5608,5215,5561,5629,5646,5563,-83
State government education,,2735.8,2308,2663.3,2738.7,2757.9,2682.8,-75.1
"State government, excluding education",,2872.5,2906.7,2897.4,2890.6,2888.5,2880.3,-8.2
State hospitals,,475.1,484,487.8,488.3,490.2,-,-
State government general administration,,1912.3,1932.1,1923.7,1916.9,1911.2,-,-
Other State government,,485.1,490.6,485.9,485.4,487.1,-,-
Local government,,15215,14578,15118,15332,15423,15376,-47
Local government education,,8448.8,7493.8,8221.4,8459.2,8546.5,8518.6,-27.9
"Local government, excluding education",,6766.1,7083.8,6896.8,6872.8,6876.9,6857.1,-19.8
Local government utilities,,259.3,264.8,263.2,262.9,263.3,-,-
Local government transportation,,304.6,307.4,305.3,306.3,306.2,-,-
Local hospitals,,717.2,736.6,735.4,736.9,738.7,-,-
Local government general administration,,4392.4,4609.5,4470.6,4458.5,4466.8,-,-
Other local government,,1092.6,1165.5,1122.3,1108.2,1101.9,-,-
